Date,Region,Product_Type,Units_Sold,Price_per_Unit,Revenue,Customer_Type
2023-01-01,East,Polycrystalline,28,45911,1285508,Commercial
2023-01-02,West,Thin-Film,5,47784,238920,Residential
2023-01-03,North,Monocrystalline,13,18191,236483,Residential
2023-01-04,East,Monocrystalline,17,48160,818720,Commercial
2023-01-05,East,Monocrystalline,40,40000,1600000,Residential
2023-01-06,West,Monocrystalline,45,18631,838395,Commercial
2023-01-07,North,Monocrystalline,32,21172,677504,Commercial
2023-01-08,North,Monocrystalline,29,38561,1118269,Residential
2023-01-09,East,Monocrystalline,3,39817,119451,Residential
2023-01-10,South,Polycrystalline,40,35281,1411240,Commercial
2023-01-11,East,Thin-Film,34,43671,1484814,Residential
2023-01-12,East,Monocrystalline,40,40364,1614560,Commercial
2023-01-13,East,Polycrystalline,27,42425,1145475,Commercial
2023-01-14,East,Polycrystalline,13,43602,566826,Commercial
2023-01-15,West,Thin-Film,45,38253,1721385,Residential
2023-01-16,North,Monocrystalline,33,38472,1269576,Commercial
2023-01-17,West,Thin-Film,6,23080,138480,Residential
2023-01-18,West,Monocrystalline,24,22099,530376,Residential
2023-01-19,West,Polycrystalline,19,40431,768189,Residential
2023-01-20,East,Polycrystalline,16,46186,738976,Residential
2023-01-21,South,Polycrystalline,40,45111,1804440,Commercial
2023-01-22,North,Polycrystalline,28,37614,1053192,Residential
2023-01-23,South,Thin-Film,33,41724,1376892,Commercial
2023-01-24,West,Monocrystalline,48,19940,957120,Commercial
2023-01-25,West,Monocrystalline,41,43758,1794078,Residential
2023-01-26,South,Thin-Film,13,22788,296244,Commercial
2023-01-27,South,Monocrystalline,43,43082,1852526,Commercial
2023-01-28,South,Polycrystalline,45,39034,1756530,Residential
2023-01-29,West,Monocrystalline,25,26280,657000,Commercial
2023-01-30,West,Polycrystalline,42,33052,1388184,Commercial
2023-01-31,North,Thin-Film,36,31531,1135116,Commercial
2023-02-01,North,Monocrystalline,27,37804,1020708,Commercial
2023-02-02,West,Thin-Film,38,43903,1668314,Residential
2023-02-03,South,Monocrystalline,7,25142,175994,Commercial
2023-02-04,South,Polycrystalline,5,24866,124330,Commercial
2023-02-05,North,Thin-Film,43,19531,839833,Commercial
2023-02-06,West,Monocrystalline,45,43138,1941210,Commercial
2023-02-07,North,Polycrystalline,31,42065,1304015,Residential
2023-02-08,North,Thin-Film,23,44956,1033988,Commercial
2023-02-09,East,Thin-Film,42,25759,1081878,Residential
2023-02-10,East,Monocrystalline,10,20439,204390,Commercial
2023-02-11,East,Monocrystalline,32,43270,1384640,Residential
2023-02-12,South,Monocrystalline,43,28279,1215997,Residential
2023-02-13,West,Polycrystalline,30,38888,1166640,Residential
2023-02-14,West,Monocrystalline,39,32630,1272570,Residential
2023-02-15,West,Thin-Film,31,46182,1431642,Residential
2023-02-16,West,Thin-Film,18,40538,729684,Commercial
2023-02-17,East,Monocrystalline,36,26824,965664,Commercial
2023-02-18,South,Monocrystalline,2,47125,94250,Commercial
2023-02-19,South,Thin-Film,14,21979,307706,Residential
2023-02-20,East,Polycrystalline,13,41189,535457,Commercial
2023-02-21,South,Monocrystalline,29,27504,797616,Residential
2023-02-22,East,Monocrystalline,12,35669,428028,Residential
2023-02-23,West,Thin-Film,39,21910,854490,Commercial
2023-02-24,East,Monocrystalline,2,49964,99928,Commercial
2023-02-25,West,Polycrystalline,32,35131,1124192,Residential
2023-02-26,West,Thin-Film,13,40227,522951,Residential
2023-02-27,North,Monocrystalline,46,20978,964988,Commercial
2023-02-28,East,Thin-Film,27,36991,998757,Commercial
2023-03-01,North,Monocrystalline,49,32153,1575497,Commercial
2023-03-02,East,Monocrystalline,41,48548,1990468,Commercial
2023-03-03,East,Monocrystalline,17,18983,322711,Residential
2023-03-04,North,Polycrystalline,40,24503,980120,Commercial
2023-03-05,North,Polycrystalline,31,44921,1392551,Commercial
2023-03-06,East,Thin-Film,34,31905,1084770,Commercial
2023-03-07,South,Monocrystalline,24,38953,934872,Residential
2023-03-08,West,Monocrystalline,45,41806,1881270,Residential
2023-03-09,North,Polycrystalline,35,37168,1300880,Residential
2023-03-10,West,Monocrystalline,48,19583,939984,Residential
2023-03-11,South,Polycrystalline,6,26889,161334,Commercial
2023-03-12,South,Monocrystalline,19,42413,805847,Residential
2023-03-13,South,Thin-Film,30,27275,818250,Commercial
2023-03-14,North,Monocrystalline,7,17461,122227,Commercial
2023-03-15,South,Monocrystalline,10,29291,292910,Commercial
2023-03-16,North,Polycrystalline,41,26435,1083835,Commercial
2023-03-17,South,Monocrystalline,32,42935,1373920,Residential
2023-03-18,West,Monocrystalline,34,48453,1647402,Residential
2023-03-19,West,Polycrystalline,28,33544,939232,Residential
2023-03-20,East,Thin-Film,15,27258,408870,Commercial
2023-03-21,West,Thin-Film,30,45841,1375230,Commercial
2023-03-22,East,Polycrystalline,37,25736,952232,Commercial
2023-03-23,West,Polycrystalline,29,49964,1448956,Commercial
2023-03-24,North,Polycrystalline,22,43044,946968,Commercial
2023-03-25,West,Polycrystalline,4,30997,123988,Residential
2023-03-26,East,Polycrystalline,20,29215,584300,Commercial
2023-03-27,East,Thin-Film,32,48069,1538208,Residential
2023-03-28,South,Thin-Film,36,38911,1400796,Commercial
2023-03-29,North,Polycrystalline,4,32030,128120,Commercial
2023-03-30,West,Monocrystalline,27,44334,1197018,Residential
2023-03-31,South,Polycrystalline,17,29571,502707,Residential
2023-04-01,West,Monocrystalline,12,43927,527124,Commercial
2023-04-02,West,Polycrystalline,22,35714,785708,Commercial
2023-04-03,South,Polycrystalline,17,38387,652579,Commercial
2023-04-04,South,Thin-Film,10,43444,434440,Commercial
2023-04-05,South,Monocrystalline,1,34921,34921,Residential
2023-04-06,South,Monocrystalline,22,28057,617254,Commercial
2023-04-07,South,Thin-Film,26,39858,1036308,Residential
2023-04-08,West,Thin-Film,18,41062,739116,Commercial
2023-04-09,South,Thin-Film,14,35567,497938,Residential
2023-04-10,North,Thin-Film,47,44739,2102733,Residential
2023-04-11,East,Monocrystalline,29,18754,543866,Commercial
2023-04-12,South,Monocrystalline,12,42044,504528,Residential
2023-04-13,South,Polycrystalline,36,16724,602064,Commercial
2023-04-14,West,Polycrystalline,35,16376,573160,Residential
2023-04-15,South,Thin-Film,12,23706,284472,Commercial
2023-04-16,South,Thin-Film,7,23894,167258,Residential
2023-04-17,South,Thin-Film,29,33037,958073,Commercial
2023-04-18,West,Polycrystalline,11,33450,367950,Commercial
2023-04-19,South,Polycrystalline,33,31406,1036398,Residential
2023-04-20,East,Polycrystalline,6,44725,268350,Residential
2023-04-21,West,Polycrystalline,47,20926,983522,Residential
2023-04-22,East,Polycrystalline,15,24496,367440,Residential
2023-04-23,West,Polycrystalline,32,44806,1433792,Commercial
2023-04-24,South,Polycrystalline,11,37663,414293,Residential
2023-04-25,East,Thin-Film,23,37656,866088,Commercial
2023-04-26,West,Thin-Film,26,40860,1062360,Residential
2023-04-27,North,Thin-Film,34,31832,1082288,Commercial
2023-04-28,South,Thin-Film,46,36727,1689442,Commercial
2023-04-29,West,Polycrystalline,34,44545,1514530,Commercial
2023-04-30,North,Monocrystalline,29,17520,508080,Commercial
2023-05-01,West,Polycrystalline,4,18081,72324,Residential
2023-05-02,North,Monocrystalline,17,49196,836332,Residential
2023-05-03,South,Thin-Film,35,29566,1034810,Commercial
2023-05-04,East,Polycrystalline,13,29042,377546,Residential
2023-05-05,North,Thin-Film,41,40498,1660418,Residential
2023-05-06,West,Polycrystalline,39,26329,1026831,Commercial
2023-05-07,South,Thin-Film,15,46656,699840,Residential
2023-05-08,North,Monocrystalline,29,17159,497611,Residential
2023-05-09,West,Monocrystalline,29,34363,996527,Residential
2023-05-10,West,Monocrystalline,11,34033,374363,Commercial
2023-05-11,West,Polycrystalline,32,25805,825760,Residential
2023-05-12,North,Monocrystalline,2,41832,83664,Commercial
2023-05-13,North,Polycrystalline,47,28944,1360368,Residential
2023-05-14,North,Monocrystalline,14,34873,488222,Residential
2023-05-15,East,Monocrystalline,20,38928,778560,Residential
2023-05-16,North,Polycrystalline,22,30379,668338,Commercial
2023-05-17,North,Polycrystalline,11,49546,545006,Commercial
2023-05-18,North,Monocrystalline,27,39286,1060722,Residential
2023-05-19,East,Polycrystalline,3,20110,60330,Commercial
2023-05-20,North,Monocrystalline,17,27087,460479,Residential
2023-05-21,West,Polycrystalline,44,38762,1705528,Commercial
2023-05-22,North,Thin-Film,28,32081,898268,Commercial
2023-05-23,West,Thin-Film,29,49947,1448463,Residential
2023-05-24,West,Thin-Film,21,24596,516516,Residential
2023-05-25,West,Thin-Film,47,33313,1565711,Residential
2023-05-26,East,Thin-Film,16,16013,256208,Residential
2023-05-27,East,Monocrystalline,37,38705,1432085,Commercial
2023-05-28,East,Thin-Film,20,16828,336560,Commercial
2023-05-29,North,Thin-Film,6,22909,137454,Commercial
2023-05-30,West,Thin-Film,19,28109,534071,Residential
2023-05-31,East,Thin-Film,5,17023,85115,Residential
2023-06-01,East,Polycrystalline,3,29537,88611,Commercial
2023-06-02,North,Monocrystalline,1,41661,41661,Residential
2023-06-03,East,Thin-Film,38,48848,1856224,Commercial
2023-06-04,North,Thin-Film,15,30379,455685,Commercial
2023-06-05,South,Thin-Film,34,42766,1454044,Commercial
2023-06-06,East,Monocrystalline,35,17563,614705,Commercial
2023-06-07,South,Polycrystalline,49,44197,2165653,Commercial
2023-06-08,North,Monocrystalline,25,18586,464650,Residential
2023-06-09,West,Polycrystalline,24,31087,746088,Residential
2023-06-10,East,Thin-Film,12,38225,458700,Residential
2023-06-11,North,Thin-Film,18,44750,805500,Commercial
2023-06-12,West,Monocrystalline,15,21643,324645,Commercial
2023-06-13,West,Monocrystalline,44,42523,1871012,Commercial
2023-06-14,South,Polycrystalline,16,26005,416080,Commercial
2023-06-15,North,Polycrystalline,27,15161,409347,Residential
2023-06-16,West,Monocrystalline,8,31029,248232,Residential
2023-06-17,East,Polycrystalline,46,29226,1344396,Commercial
2023-06-18,East,Monocrystalline,25,43731,1093275,Commercial
2023-06-19,South,Polycrystalline,17,18390,312630,Commercial
2023-06-20,West,Monocrystalline,29,20997,608913,Residential
2023-06-21,North,Monocrystalline,8,27693,221544,Residential
2023-06-22,East,Monocrystalline,15,15541,233115,Residential
2023-06-23,West,Polycrystalline,27,36817,994059,Commercial
2023-06-24,West,Polycrystalline,46,28428,1307688,Commercial
2023-06-25,South,Polycrystalline,7,25258,176806,Residential
2023-06-26,East,Monocrystalline,3,31044,93132,Commercial
2023-06-27,East,Polycrystalline,29,44411,1287919,Residential
2023-06-28,North,Polycrystalline,44,20469,900636,Commercial
2023-06-29,East,Monocrystalline,24,43854,1052496,Residential
2023-06-30,North,Thin-Film,3,21256,63768,Commercial
2023-07-01,East,Monocrystalline,20,25720,514400,Residential
2023-07-02,South,Polycrystalline,46,48937,2251102,Residential
2023-07-03,East,Monocrystalline,15,48598,728970,Residential
2023-07-04,North,Thin-Film,25,16651,416275,Residential
2023-07-05,North,Monocrystalline,30,34194,1025820,Residential
2023-07-06,South,Polycrystalline,14,40051,560714,Residential
2023-07-07,East,Thin-Film,7,42386,296702,Commercial
2023-07-08,East,Polycrystalline,17,24518,416806,Commercial
2023-07-09,South,Thin-Film,44,31184,1372096,Commercial
2023-07-10,East,Thin-Film,20,48787,975740,Residential
2023-07-11,East,Monocrystalline,36,36621,1318356,Residential
2023-07-12,North,Monocrystalline,9,25028,225252,Commercial
2023-07-13,East,Polycrystalline,38,27448,1043024,Residential
2023-07-14,East,Monocrystalline,48,49051,2354448,Residential
2023-07-15,South,Monocrystalline,22,45447,999834,Residential
2023-07-16,South,Thin-Film,2,33394,66788,Residential
2023-07-17,West,Monocrystalline,24,49501,1188024,Residential
2023-07-18,North,Thin-Film,8,45254,362032,Commercial
2023-07-19,East,Thin-Film,11,33509,368599,Commercial
2023-07-20,East,Thin-Film,13,29472,383136,Commercial
2023-07-21,West,Polycrystalline,17,18471,314007,Commercial
2023-07-22,East,Polycrystalline,8,45268,362144,Commercial
2023-07-23,North,Polycrystalline,21,23329,489909,Residential
2023-07-24,West,Thin-Film,18,49865,897570,Residential
2023-07-25,North,Polycrystalline,30,43272,1298160,Residential
2023-07-26,West,Polycrystalline,18,21397,385146,Residential
2023-07-27,West,Monocrystalline,46,47373,2179158,Commercial
2023-07-28,South,Polycrystalline,47,39570,1859790,Commercial
2023-07-29,North,Polycrystalline,31,33284,1031804,Commercial
2023-07-30,East,Thin-Film,38,33994,1291772,Residential
2023-07-31,East,Thin-Film,32,38284,1225088,Commercial
2023-08-01,North,Thin-Film,11,32833,361163,Residential
2023-08-02,East,Thin-Film,45,40122,1805490,Commercial
2023-08-03,East,Thin-Film,25,20017,500425,Commercial
2023-08-04,North,Thin-Film,33,31370,1035210,Residential
2023-08-05,West,Polycrystalline,38,44252,1681576,Residential
2023-08-06,North,Thin-Film,41,22999,942959,Commercial
2023-08-07,West,Thin-Film,8,37436,299488,Commercial
2023-08-08,East,Monocrystalline,11,17096,188056,Residential
2023-08-09,East,Polycrystalline,22,40279,886138,Commercial
2023-08-10,East,Polycrystalline,24,41201,988824,Commercial
2023-08-11,South,Polycrystalline,41,34715,1423315,Residential
2023-08-12,West,Thin-Film,17,44309,753253,Commercial
2023-08-13,South,Thin-Film,12,30078,360936,Residential
2023-08-14,South,Thin-Film,46,20105,924830,Commercial
2023-08-15,North,Monocrystalline,32,44312,1417984,Residential
2023-08-16,South,Thin-Film,15,17839,267585,Commercial
2023-08-17,North,Monocrystalline,16,18384,294144,Residential
2023-08-18,North,Polycrystalline,22,28493,626846,Commercial
2023-08-19,South,Thin-Film,28,32069,897932,Residential
2023-08-20,West,Monocrystalline,20,22531,450620,Commercial
2023-08-21,West,Monocrystalline,33,22736,750288,Commercial
2023-08-22,West,Thin-Film,10,22710,227100,Commercial
2023-08-23,West,Polycrystalline,40,16619,664760,Commercial
2023-08-24,West,Polycrystalline,32,28975,927200,Commercial
2023-08-25,South,Polycrystalline,33,38252,1262316,Commercial
2023-08-26,South,Monocrystalline,2,30261,60522,Commercial
2023-08-27,East,Monocrystalline,33,16431,542223,Commercial
2023-08-28,West,Monocrystalline,33,24067,794211,Commercial
2023-08-29,South,Monocrystalline,41,42037,1723517,Residential
2023-08-30,East,Polycrystalline,13,24557,319241,Residential
2023-08-31,West,Thin-Film,30,24435,733050,Commercial
2023-09-01,North,Monocrystalline,33,15162,500346,Residential
2023-09-02,East,Monocrystalline,13,49742,646646,Commercial
2023-09-03,South,Polycrystalline,26,34675,901550,Commercial
2023-09-04,North,Thin-Film,22,23461,516142,Residential
2023-09-05,North,Thin-Film,39,32015,1248585,Commercial
2023-09-06,North,Polycrystalline,2,47591,95182,Commercial
2023-09-07,East,Polycrystalline,38,43047,1635786,Residential
2023-09-08,South,Thin-Film,39,49782,1941498,Residential
2023-09-09,North,Monocrystalline,26,24833,645658,Commercial
2023-09-10,West,Thin-Film,46,22896,1053216,Residential
2023-09-11,North,Polycrystalline,15,47972,719580,Residential
2023-09-12,North,Monocrystalline,34,45508,1547272,Commercial
2023-09-13,East,Monocrystalline,42,20347,854574,Residential
2023-09-14,East,Polycrystalline,44,45314,1993816,Residential
2023-09-15,South,Polycrystalline,49,17643,864507,Commercial
2023-09-16,West,Polycrystalline,40,33681,1347240,Residential
2023-09-17,East,Thin-Film,11,30892,339812,Residential
2023-09-18,North,Thin-Film,3,32073,96219,Commercial
2023-09-19,South,Monocrystalline,6,45682,274092,Commercial
2023-09-20,North,Polycrystalline,9,47262,425358,Commercial
2023-09-21,North,Monocrystalline,6,46358,278148,Residential
2023-09-22,East,Monocrystalline,9,29289,263601,Commercial
2023-09-23,South,Monocrystalline,39,22927,894153,Commercial
2023-09-24,West,Monocrystalline,31,16171,501301,Residential
2023-09-25,West,Polycrystalline,32,26918,861376,Commercial
2023-09-26,East,Monocrystalline,41,26929,1104089,Commercial
2023-09-27,East,Polycrystalline,12,17539,210468,Commercial
2023-09-28,South,Polycrystalline,8,37669,301352,Commercial
2023-09-29,West,Thin-Film,8,20432,163456,Residential
2023-09-30,West,Polycrystalline,28,35644,998032,Commercial
2023-10-01,West,Thin-Film,20,33745,674900,Commercial
2023-10-02,North,Polycrystalline,47,43228,2031716,Residential
2023-10-03,West,Polycrystalline,7,49521,346647,Commercial
2023-10-04,North,Polycrystalline,11,46703,513733,Residential
2023-10-05,South,Thin-Film,20,41928,838560,Residential
2023-10-06,North,Thin-Film,16,33322,533152,Residential
2023-10-07,South,Monocrystalline,4,37360,149440,Commercial
2023-10-08,West,Thin-Film,6,44055,264330,Residential
2023-10-09,West,Thin-Film,22,31376,690272,Residential
2023-10-10,South,Thin-Film,26,21588,561288,Residential
2023-10-11,East,Thin-Film,3,40000,120000,Commercial
2023-10-12,South,Monocrystalline,41,21304,873464,Commercial
2023-10-13,East,Thin-Film,42,22345,938490,Commercial
2023-10-14,North,Polycrystalline,14,44300,620200,Commercial
2023-10-15,North,Polycrystalline,11,39259,431849,Commercial
2023-10-16,North,Thin-Film,18,40470,728460,Commercial
2023-10-17,West,Thin-Film,12,38017,456204,Commercial
2023-10-18,North,Polycrystalline,23,30352,698096,Residential
2023-10-19,East,Polycrystalline,12,48365,580380,Residential
2023-10-20,North,Monocrystalline,13,34446,447798,Residential
2023-10-21,South,Polycrystalline,25,17336,433400,Residential
2023-10-22,South,Polycrystalline,45,24879,1119555,Commercial
2023-10-23,West,Thin-Film,19,47316,899004,Residential
2023-10-24,South,Polycrystalline,46,48340,2223640,Residential
2023-10-25,East,Monocrystalline,36,22521,810756,Residential
2023-10-26,North,Polycrystalline,45,21171,952695,Residential
2023-10-27,West,Thin-Film,8,38481,307848,Commercial
2023-10-28,North,Thin-Film,29,33474,970746,Commercial
2023-10-29,North,Polycrystalline,32,36008,1152256,Commercial
2023-10-30,East,Thin-Film,44,16633,731852,Residential
2023-10-31,South,Monocrystalline,18,27485,494730,Commercial
2023-11-01,South,Monocrystalline,6,18648,111888,Residential
2023-11-02,North,Polycrystalline,18,28140,506520,Commercial
2023-11-03,West,Polycrystalline,19,32921,625499,Commercial
2023-11-04,South,Polycrystalline,22,29357,645854,Commercial
2023-11-05,West,Thin-Film,37,18137,671069,Commercial
2023-11-06,South,Monocrystalline,32,15097,483104,Commercial
2023-11-07,West,Monocrystalline,41,26407,1082687,Residential
2023-11-08,East,Thin-Film,3,45575,136725,Commercial
2023-11-09,West,Monocrystalline,28,27722,776216,Residential
2023-11-10,East,Polycrystalline,10,27924,279240,Residential
2023-11-11,East,Polycrystalline,35,18750,656250,Residential
2023-11-12,West,Polycrystalline,29,42733,1239257,Residential
2023-11-13,East,Monocrystalline,15,23535,353025,Residential
2023-11-14,North,Polycrystalline,33,39487,1303071,Commercial
2023-11-15,East,Thin-Film,7,45651,319557,Commercial
2023-11-16,South,Thin-Film,12,19666,235992,Commercial
2023-11-17,West,Monocrystalline,49,31994,1567706,Commercial
2023-11-18,North,Thin-Film,30,16727,501810,Residential
2023-11-19,West,Thin-Film,21,49622,1042062,Commercial
2023-11-20,South,Monocrystalline,31,25800,799800,Commercial
2023-11-21,South,Polycrystalline,24,33708,808992,Residential
2023-11-22,South,Polycrystalline,20,27819,556380,Residential
2023-11-23,East,Polycrystalline,37,24369,901653,Commercial
2023-11-24,East,Monocrystalline,4,24283,97132,Commercial
2023-11-25,West,Thin-Film,28,45573,1276044,Residential
2023-11-26,West,Polycrystalline,44,28171,1239524,Commercial
2023-11-27,North,Polycrystalline,20,45933,918660,Commercial
2023-11-28,North,Monocrystalline,24,20774,498576,Commercial
2023-11-29,West,Polycrystalline,49,21519,1054431,Commercial
2023-11-30,East,Monocrystalline,32,25983,831456,Residential
2023-12-01,South,Thin-Film,41,45932,1883212,Residential
2023-12-02,West,Monocrystalline,36,45798,1648728,Residential
2023-12-03,North,Monocrystalline,34,33133,1126522,Commercial
2023-12-04,East,Monocrystalline,36,29939,1077804,Commercial
2023-12-05,West,Monocrystalline,2,15781,31562,Commercial
2023-12-06,West,Thin-Film,15,42624,639360,Commercial
2023-12-07,East,Thin-Film,34,21823,741982,Commercial
2023-12-08,West,Polycrystalline,36,33489,1205604,Residential
2023-12-09,East,Thin-Film,6,44118,264708,Commercial
2023-12-10,South,Thin-Film,39,49881,1945359,Commercial
2023-12-11,East,Polycrystalline,42,31280,1313760,Residential
2023-12-12,East,Thin-Film,12,37263,447156,Commercial
2023-12-13,East,Monocrystalline,3,28565,85695,Residential
2023-12-14,West,Monocrystalline,45,35354,1590930,Residential
2023-12-15,West,Polycrystalline,18,40643,731574,Residential
2023-12-16,East,Polycrystalline,40,38648,1545920,Residential
2023-12-17,West,Polycrystalline,21,33658,706818,Residential
2023-12-18,North,Monocrystalline,15,36253,543795,Commercial
2023-12-19,North,Thin-Film,33,41390,1365870,Residential
2023-12-20,West,Monocrystalline,35,38128,1334480,Residential
2023-12-21,West,Polycrystalline,26,28489,740714,Commercial
2023-12-22,East,Thin-Film,8,47658,381264,Commercial
2023-12-23,South,Thin-Film,36,21852,786672,Residential
2023-12-24,West,Monocrystalline,48,44450,2133600,Commercial
2023-12-25,North,Polycrystalline,30,17551,526530,Commercial
2023-12-26,East,Monocrystalline,23,21411,492453,Residential
2023-12-27,West,Thin-Film,42,48243,2026206,Residential
2023-12-28,North,Monocrystalline,44,36800,1619200,Commercial
2023-12-29,North,Monocrystalline,14,25403,355642,Residential
2023-12-30,South,Polycrystalline,14,22239,311346,Residential
2023-12-31,East,Polycrystalline,2,21710,43420,Commercial
2024-01-01,East,Thin-Film,37,36384,1346208,Residential
2024-01-02,South,Monocrystalline,5,36038,180190,Residential
2024-01-03,South,Monocrystalline,38,37447,1422986,Residential
2024-01-04,East,Monocrystalline,45,17285,777825,Residential
2024-01-05,East,Thin-Film,41,28521,1169361,Residential
2024-01-06,West,Thin-Film,47,21971,1032637,Commercial
2024-01-07,West,Polycrystalline,14,44139,617946,Commercial
2024-01-08,South,Polycrystalline,39,34909,1361451,Residential
2024-01-09,West,Polycrystalline,25,26531,663275,Commercial
2024-01-10,North,Monocrystalline,20,29721,594420,Residential
2024-01-11,West,Monocrystalline,2,34206,68412,Residential
2024-01-12,West,Polycrystalline,39,21530,839670,Residential
2024-01-13,North,Monocrystalline,6,26116,156696,Residential
2024-01-14,South,Polycrystalline,17,15258,259386,Residential
2024-01-15,North,Thin-Film,25,15282,382050,Commercial
2024-01-16,West,Polycrystalline,28,28937,810236,Commercial
2024-01-17,South,Thin-Film,2,16898,33796,Residential
2024-01-18,West,Monocrystalline,35,19135,669725,Commercial
2024-01-19,North,Polycrystalline,37,21629,800273,Residential
2024-01-20,North,Monocrystalline,5,34584,172920,Commercial
2024-01-21,West,Thin-Film,1,38551,38551,Residential
2024-01-22,East,Thin-Film,40,48380,1935200,Commercial
2024-01-23,East,Thin-Film,12,32071,384852,Residential
2024-01-24,North,Monocrystalline,36,35074,1262664,Residential
2024-01-25,North,Monocrystalline,45,40188,1808460,Commercial
2024-01-26,East,Monocrystalline,23,17307,398061,Commercial
2024-01-27,East,Monocrystalline,47,26205,1231635,Residential
2024-01-28,West,Thin-Film,31,20906,648086,Commercial
2024-01-29,West,Thin-Film,11,17591,193501,Residential
2024-01-30,East,Polycrystalline,10,30149,301490,Commercial
2024-01-31,West,Polycrystalline,3,40150,120450,Commercial
2024-02-01,West,Monocrystalline,14,46852,655928,Residential
2024-02-02,South,Thin-Film,16,16283,260528,Commercial
2024-02-03,West,Thin-Film,10,48691,486910,Commercial
2024-02-04,North,Thin-Film,29,16125,467625,Residential
2024-02-05,West,Polycrystalline,10,16529,165290,Commercial
2024-02-06,West,Polycrystalline,12,41170,494040,Residential
2024-02-07,East,Thin-Film,30,23438,703140,Residential
2024-02-08,North,Thin-Film,41,35095,1438895,Residential
2024-02-09,West,Thin-Film,1,31154,31154,Residential
2024-02-10,West,Polycrystalline,5,23004,115020,Residential
2024-02-11,South,Thin-Film,20,24752,495040,Commercial
2024-02-12,West,Thin-Film,8,41819,334552,Residential
2024-02-13,West,Monocrystalline,43,41515,1785145,Residential
2024-02-14,South,Monocrystalline,12,39217,470604,Commercial
2024-02-15,East,Polycrystalline,1,38172,38172,Commercial
2024-02-16,West,Thin-Film,20,47994,959880,Commercial
2024-02-17,South,Thin-Film,28,30036,841008,Residential
2024-02-18,North,Monocrystalline,43,26739,1149777,Residential
2024-02-19,East,Polycrystalline,37,47220,1747140,Residential
2024-02-20,North,Monocrystalline,47,24587,1155589,Commercial
2024-02-21,North,Monocrystalline,37,45129,1669773,Residential
2024-02-22,South,Monocrystalline,12,15645,187740,Commercial
2024-02-23,West,Monocrystalline,37,45930,1699410,Residential
2024-02-24,South,Thin-Film,49,31299,1533651,Commercial
2024-02-25,South,Thin-Film,49,45090,2209410,Residential
2024-02-26,South,Monocrystalline,44,36953,1625932,Residential
2024-02-27,South,Polycrystalline,28,41475,1161300,Residential
2024-02-28,East,Polycrystalline,47,33888,1592736,Commercial
2024-02-29,West,Polycrystalline,15,31087,466305,Commercial
2024-03-01,North,Polycrystalline,6,24346,146076,Residential
2024-03-02,North,Monocrystalline,44,15587,685828,Residential
2024-03-03,West,Thin-Film,20,27763,555260,Residential
2024-03-04,North,Polycrystalline,14,19079,267106,Commercial
2024-03-05,West,Monocrystalline,2,35215,70430,Residential
2024-03-06,North,Polycrystalline,9,40817,367353,Residential
2024-03-07,South,Polycrystalline,37,39765,1471305,Residential
2024-03-08,North,Monocrystalline,20,45112,902240,Residential
2024-03-09,West,Thin-Film,26,40556,1054456,Commercial
2024-03-10,West,Thin-Film,29,33099,959871,Commercial
2024-03-11,West,Monocrystalline,1,21450,21450,Residential
2024-03-12,West,Thin-Film,35,28230,988050,Residential
2024-03-13,West,Monocrystalline,6,44009,264054,Commercial
2024-03-14,East,Monocrystalline,37,20433,756021,Commercial
2024-03-15,East,Monocrystalline,5,48866,244330,Residential
2024-03-16,North,Thin-Film,33,33710,1112430,Commercial
2024-03-17,West,Monocrystalline,49,26439,1295511,Commercial
2024-03-18,North,Polycrystalline,14,31021,434294,Residential
2024-03-19,West,Thin-Film,12,21416,256992,Commercial
2024-03-20,West,Thin-Film,42,21980,923160,Commercial
2024-03-21,East,Thin-Film,20,33058,661160,Residential
2024-03-22,East,Thin-Film,24,26101,626424,Residential
2024-03-23,South,Polycrystalline,43,47602,2046886,Commercial
2024-03-24,East,Thin-Film,34,24122,820148,Residential
2024-03-25,South,Thin-Film,25,27576,689400,Commercial
2024-03-26,South,Monocrystalline,29,42516,1232964,Residential
2024-03-27,South,Thin-Film,39,37433,1459887,Commercial
2024-03-28,South,Polycrystalline,31,16089,498759,Residential
2024-03-29,South,Polycrystalline,47,24127,1133969,Commercial
2024-03-30,North,Polycrystalline,43,25487,1095941,Commercial
2024-03-31,East,Polycrystalline,23,15155,348565,Commercial
2024-04-01,South,Thin-Film,44,16958,746152,Residential
2024-04-02,West,Thin-Film,38,25693,976334,Residential
2024-04-03,East,Polycrystalline,20,43795,875900,Commercial
2024-04-04,East,Polycrystalline,23,36447,838281,Commercial
2024-04-05,South,Thin-Film,45,40215,1809675,Residential
2024-04-06,North,Polycrystalline,16,24794,396704,Residential
2024-04-07,South,Monocrystalline,42,48209,2024778,Residential
2024-04-08,North,Polycrystalline,8,37424,299392,Residential
2024-04-09,West,Polycrystalline,21,21370,448770,Residential
2024-04-10,East,Monocrystalline,1,24528,24528,Residential
2024-04-11,West,Monocrystalline,8,43276,346208,Commercial
2024-04-12,North,Thin-Film,29,23179,672191,Residential
2024-04-13,North,Thin-Film,32,31843,1018976,Commercial
2024-04-14,West,Monocrystalline,38,38952,1480176,Residential
2024-04-15,North,Monocrystalline,5,48160,240800,Residential
2024-04-16,West,Thin-Film,47,44516,2092252,Commercial
2024-04-17,East,Polycrystalline,22,25449,559878,Commercial
2024-04-18,West,Monocrystalline,47,36125,1697875,Residential
2024-04-19,East,Thin-Film,34,22418,762212,Commercial
2024-04-20,West,Polycrystalline,1,37746,37746,Commercial
2024-04-21,North,Monocrystalline,26,17454,453804,Commercial
2024-04-22,West,Polycrystalline,43,32761,1408723,Commercial
2024-04-23,North,Thin-Film,10,30223,302230,Residential
2024-04-24,West,Monocrystalline,30,21701,651030,Commercial
2024-04-25,West,Polycrystalline,18,17597,316746,Residential
2024-04-26,South,Monocrystalline,17,15141,257397,Residential
2024-04-27,North,Polycrystalline,26,17659,459134,Residential
2024-04-28,South,Thin-Film,8,35980,287840,Residential
2024-04-29,North,Thin-Film,47,24031,1129457,Commercial
2024-04-30,South,Monocrystalline,40,30037,1201480,Commercial
2024-05-01,East,Polycrystalline,49,21142,1035958,Residential
2024-05-02,West,Monocrystalline,12,27109,325308,Residential
2024-05-03,North,Monocrystalline,27,37010,999270,Residential
2024-05-04,North,Polycrystalline,8,23787,190296,Residential
2024-05-05,West,Polycrystalline,25,23472,586800,Commercial
2024-05-06,North,Polycrystalline,46,38383,1765618,Residential
2024-05-07,North,Thin-Film,4,19249,76996,Commercial
2024-05-08,South,Monocrystalline,33,49518,1634094,Residential
2024-05-09,North,Monocrystalline,1,33351,33351,Residential
2024-05-10,East,Thin-Film,19,19088,362672,Residential
2024-05-11,East,Polycrystalline,31,30282,938742,Residential
2024-05-12,West,Thin-Film,16,34330,549280,Commercial
2024-05-13,North,Thin-Film,14,36778,514892,Commercial
2024-05-14,West,Thin-Film,48,39264,1884672,Commercial
2024-05-15,East,Monocrystalline,5,20075,100375,Residential
2024-05-16,North,Thin-Film,41,25412,1041892,Residential
2024-05-17,North,Monocrystalline,26,43365,1127490,Commercial
2024-05-18,West,Monocrystalline,28,22230,622440,Commercial
2024-05-19,East,Monocrystalline,2,26002,52004,Residential
2024-05-20,North,Polycrystalline,6,28947,173682,Residential
2024-05-21,West,Monocrystalline,9,28686,258174,Commercial
2024-05-22,East,Monocrystalline,33,44304,1462032,Residential
2024-05-23,West,Polycrystalline,41,28074,1151034,Residential
2024-05-24,South,Monocrystalline,25,19493,487325,Commercial
2024-05-25,North,Thin-Film,48,49228,2362944,Residential
2024-05-26,South,Thin-Film,13,29140,378820,Commercial
2024-05-27,East,Monocrystalline,9,46655,419895,Residential
2024-05-28,South,Polycrystalline,13,21816,283608,Commercial
2024-05-29,South,Thin-Film,31,26639,825809,Residential
2024-05-30,East,Polycrystalline,41,44492,1824172,Commercial
2024-05-31,West,Polycrystalline,11,26240,288640,Commercial
2024-06-01,South,Thin-Film,4,47698,190792,Commercial
2024-06-02,West,Polycrystalline,34,41957,1426538,Commercial
2024-06-03,South,Thin-Film,38,47808,1816704,Residential
2024-06-04,West,Polycrystalline,46,20827,958042,Residential
2024-06-05,East,Thin-Film,4,47762,191048,Commercial
2024-06-06,South,Monocrystalline,38,23259,883842,Residential
2024-06-07,East,Thin-Film,19,29849,567131,Residential
2024-06-08,South,Thin-Film,6,31232,187392,Residential
2024-06-09,East,Thin-Film,34,39173,1331882,Residential
2024-06-10,East,Thin-Film,18,20374,366732,Residential
2024-06-11,South,Polycrystalline,13,36174,470262,Commercial
2024-06-12,South,Monocrystalline,41,38567,1581247,Commercial
2024-06-13,South,Thin-Film,23,24277,558371,Commercial
2024-06-14,North,Polycrystalline,19,46600,885400,Commercial
2024-06-15,West,Monocrystalline,45,24885,1119825,Residential
2024-06-16,North,Monocrystalline,11,15778,173558,Residential
2024-06-17,North,Monocrystalline,1,44165,44165,Commercial
2024-06-18,East,Monocrystalline,24,16492,395808,Residential
2024-06-19,South,Thin-Film,7,45462,318234,Residential
2024-06-20,West,Thin-Film,25,28615,715375,Commercial
2024-06-21,East,Polycrystalline,21,22851,479871,Residential
2024-06-22,North,Polycrystalline,15,31288,469320,Commercial
2024-06-23,South,Polycrystalline,1,22156,22156,Commercial
2024-06-24,East,Monocrystalline,12,17044,204528,Residential
2024-06-25,South,Monocrystalline,7,22368,156576,Residential
2024-06-26,East,Thin-Film,15,34900,523500,Commercial
2024-06-27,South,Monocrystalline,21,45600,957600,Commercial
2024-06-28,North,Monocrystalline,19,40634,772046,Residential
2024-06-29,West,Monocrystalline,29,24168,700872,Commercial
2024-06-30,North,Polycrystalline,25,35961,899025,Commercial
2024-07-01,West,Polycrystalline,33,38852,1282116,Commercial
2024-07-02,South,Thin-Film,49,48110,2357390,Residential
2024-07-03,East,Monocrystalline,32,47174,1509568,Commercial
2024-07-04,North,Monocrystalline,49,49215,2411535,Residential
2024-07-05,West,Thin-Film,35,41955,1468425,Commercial
2024-07-06,North,Monocrystalline,44,21581,949564,Residential
2024-07-07,West,Monocrystalline,38,21317,810046,Commercial
2024-07-08,North,Polycrystalline,26,41649,1082874,Residential
2024-07-09,West,Thin-Film,11,38132,419452,Residential
2024-07-10,West,Thin-Film,35,31789,1112615,Residential
2024-07-11,South,Thin-Film,8,29567,236536,Commercial
2024-07-12,West,Thin-Film,46,29868,1373928,Commercial
2024-07-13,South,Polycrystalline,14,39370,551180,Commercial
2024-07-14,West,Polycrystalline,10,45483,454830,Residential
2024-07-15,East,Monocrystalline,2,27466,54932,Commercial
2024-07-16,East,Monocrystalline,46,43803,2014938,Residential
2024-07-17,East,Monocrystalline,9,33230,299070,Commercial
2024-07-18,West,Monocrystalline,3,32862,98586,Residential
2024-07-19,South,Polycrystalline,21,46259,971439,Residential
2024-07-20,South,Thin-Film,26,48539,1262014,Residential
2024-07-21,West,Polycrystalline,8,36909,295272,Commercial
2024-07-22,East,Monocrystalline,48,45795,2198160,Commercial
2024-07-23,East,Polycrystalline,2,23770,47540,Commercial
2024-07-24,South,Thin-Film,6,26093,156558,Residential
2024-07-25,East,Thin-Film,28,15193,425404,Residential
2024-07-26,North,Polycrystalline,29,49775,1443475,Commercial
2024-07-27,South,Polycrystalline,26,32569,846794,Commercial
2024-07-28,East,Polycrystalline,25,26190,654750,Commercial
2024-07-29,South,Monocrystalline,12,47327,567924,Residential
2024-07-30,North,Polycrystalline,5,35389,176945,Residential
2024-07-31,South,Polycrystalline,34,17261,586874,Residential
2024-08-01,South,Polycrystalline,48,43369,2081712,Residential
2024-08-02,South,Thin-Film,37,41512,1535944,Residential
2024-08-03,South,Thin-Film,15,21716,325740,Commercial
2024-08-04,North,Monocrystalline,44,36259,1595396,Residential
2024-08-05,West,Monocrystalline,36,43933,1581588,Residential
2024-08-06,South,Thin-Film,15,19378,290670,Residential
2024-08-07,South,Thin-Film,43,34835,1497905,Residential
2024-08-08,East,Thin-Film,48,44033,2113584,Residential
2024-08-09,South,Polycrystalline,23,39000,897000,Commercial
2024-08-10,East,Polycrystalline,6,25332,151992,Residential
2024-08-11,West,Thin-Film,46,17800,818800,Residential
2024-08-12,North,Polycrystalline,44,44538,1959672,Residential
2024-08-13,North,Polycrystalline,43,45119,1940117,Commercial
2024-08-14,West,Monocrystalline,45,23333,1049985,Commercial
2024-08-15,North,Thin-Film,21,20410,428610,Commercial
2024-08-16,West,Thin-Film,23,32839,755297,Residential
2024-08-17,West,Polycrystalline,43,45519,1957317,Commercial
2024-08-18,West,Thin-Film,16,20808,332928,Residential
2024-08-19,North,Monocrystalline,47,21796,1024412,Residential
2024-08-20,East,Monocrystalline,15,36180,542700,Commercial
2024-08-21,West,Monocrystalline,25,32709,817725,Residential
2024-08-22,South,Thin-Film,36,32543,1171548,Residential
2024-08-23,North,Thin-Film,11,44075,484825,Residential
2024-08-24,West,Thin-Film,15,45502,682530,Commercial
2024-08-25,West,Thin-Film,4,31724,126896,Residential
2024-08-26,South,Thin-Film,21,18828,395388,Residential
2024-08-27,East,Monocrystalline,13,32087,417131,Commercial
2024-08-28,East,Polycrystalline,22,27605,607310,Residential
2024-08-29,East,Monocrystalline,19,46337,880403,Residential
2024-08-30,West,Thin-Film,34,20482,696388,Commercial
2024-08-31,West,Monocrystalline,14,42005,588070,Residential
2024-09-01,West,Thin-Film,4,37760,151040,Residential
2024-09-02,North,Thin-Film,48,20463,982224,Residential
2024-09-03,South,Monocrystalline,46,19912,915952,Residential
2024-09-04,West,Thin-Film,27,19648,530496,Residential
2024-09-05,South,Polycrystalline,29,48623,1410067,Commercial
2024-09-06,South,Thin-Film,47,18112,851264,Commercial
2024-09-07,East,Polycrystalline,28,37054,1037512,Commercial
2024-09-08,North,Polycrystalline,35,19492,682220,Commercial
2024-09-09,West,Thin-Film,8,37207,297656,Residential
2024-09-10,East,Monocrystalline,16,30114,481824,Residential
2024-09-11,East,Polycrystalline,42,49285,2069970,Residential
2024-09-12,West,Monocrystalline,36,31018,1116648,Residential
2024-09-13,South,Polycrystalline,30,36386,1091580,Residential
2024-09-14,East,Thin-Film,18,32740,589320,Commercial
2024-09-15,South,Thin-Film,2,23210,46420,Commercial
2024-09-16,North,Polycrystalline,49,27743,1359407,Residential
2024-09-17,South,Thin-Film,13,21588,280644,Residential
2024-09-18,North,Polycrystalline,4,18311,73244,Residential
2024-09-19,South,Thin-Film,26,37432,973232,Commercial
2024-09-20,East,Monocrystalline,25,48755,1218875,Residential
2024-09-21,East,Thin-Film,30,18321,549630,Residential
2024-09-22,North,Monocrystalline,11,30812,338932,Residential
2024-09-23,West,Thin-Film,7,28146,197022,Commercial
2024-09-24,North,Monocrystalline,31,28654,888274,Residential
2024-09-25,North,Thin-Film,44,15726,691944,Commercial
2024-09-26,South,Monocrystalline,10,18760,187600,Commercial
2024-09-27,South,Polycrystalline,39,37190,1450410,Commercial
2024-09-28,North,Polycrystalline,13,16875,219375,Commercial
2024-09-29,East,Monocrystalline,31,38377,1189687,Commercial
2024-09-30,South,Thin-Film,7,19033,133231,Commercial
2024-10-01,West,Monocrystalline,49,32373,1586277,Residential
2024-10-02,South,Thin-Film,42,18744,787248,Residential
2024-10-03,South,Polycrystalline,42,39995,1679790,Residential
2024-10-04,West,Thin-Film,36,31977,1151172,Commercial
2024-10-05,North,Polycrystalline,20,47402,948040,Residential
2024-10-06,West,Thin-Film,4,49542,198168,Commercial
2024-10-07,North,Thin-Film,7,25651,179557,Commercial
2024-10-08,North,Thin-Film,1,48703,48703,Commercial
2024-10-09,North,Monocrystalline,44,28395,1249380,Residential
2024-10-10,West,Monocrystalline,45,44808,2016360,Commercial
2024-10-11,North,Polycrystalline,42,31715,1332030,Commercial
2024-10-12,East,Polycrystalline,47,39306,1847382,Residential
2024-10-13,West,Monocrystalline,13,34086,443118,Residential
2024-10-14,East,Polycrystalline,22,29376,646272,Commercial
2024-10-15,North,Monocrystalline,21,20889,438669,Commercial
2024-10-16,South,Thin-Film,22,35584,782848,Residential
2024-10-17,North,Polycrystalline,28,49610,1389080,Residential
2024-10-18,East,Polycrystalline,9,25058,225522,Residential
2024-10-19,East,Monocrystalline,26,24101,626626,Commercial
2024-10-20,West,Polycrystalline,9,27497,247473,Residential
2024-10-21,South,Polycrystalline,15,19658,294870,Residential
2024-10-22,West,Thin-Film,10,26381,263810,Residential
2024-10-23,East,Polycrystalline,24,32154,771696,Commercial
2024-10-24,North,Thin-Film,42,34539,1450638,Residential
2024-10-25,South,Monocrystalline,8,26777,214216,Residential
2024-10-26,North,Polycrystalline,24,49396,1185504,Residential
2024-10-27,North,Thin-Film,16,45373,725968,Residential
2024-10-28,South,Monocrystalline,49,48154,2359546,Residential
2024-10-29,West,Polycrystalline,26,21031,546806,Commercial
2024-10-30,North,Monocrystalline,27,42997,1160919,Commercial
2024-10-31,East,Polycrystalline,37,21439,793243,Commercial
2024-11-01,North,Monocrystalline,4,37785,151140,Residential
2024-11-02,South,Monocrystalline,24,28392,681408,Commercial
2024-11-03,South,Thin-Film,19,43669,829711,Commercial
2024-11-04,South,Monocrystalline,36,43939,1581804,Commercial
2024-11-05,West,Polycrystalline,39,17282,673998,Residential
2024-11-06,North,Polycrystalline,10,49624,496240,Residential
2024-11-07,West,Thin-Film,25,39364,984100,Commercial
2024-11-08,West,Polycrystalline,18,16998,305964,Commercial
2024-11-09,South,Polycrystalline,19,46705,887395,Residential
2024-11-10,South,Polycrystalline,36,24428,879408,Residential
2024-11-11,West,Monocrystalline,10,27336,273360,Commercial
2024-11-12,North,Monocrystalline,33,24342,803286,Residential
2024-11-13,East,Polycrystalline,5,22446,112230,Commercial
2024-11-14,West,Thin-Film,47,22461,1055667,Residential
2024-11-15,North,Monocrystalline,49,49587,2429763,Commercial
2024-11-16,South,Thin-Film,35,25516,893060,Commercial
2024-11-17,South,Polycrystalline,44,28749,1264956,Residential
2024-11-18,North,Polycrystalline,34,32514,1105476,Commercial
2024-11-19,East,Monocrystalline,33,39950,1318350,Commercial
2024-11-20,South,Polycrystalline,21,49888,1047648,Commercial
2024-11-21,South,Monocrystalline,17,25213,428621,Residential
2024-11-22,South,Polycrystalline,22,43011,946242,Residential
2024-11-23,North,Polycrystalline,48,49591,2380368,Residential
2024-11-24,West,Monocrystalline,37,32858,1215746,Commercial
2024-11-25,South,Monocrystalline,15,33626,504390,Residential
2024-11-26,West,Monocrystalline,35,28467,996345,Commercial
2024-11-27,East,Polycrystalline,28,18134,507752,Commercial
2024-11-28,South,Polycrystalline,7,31743,222201,Residential
2024-11-29,South,Thin-Film,32,30434,973888,Residential
2024-11-30,East,Monocrystalline,11,25233,277563,Commercial
2024-12-01,South,Polycrystalline,10,16141,161410,Commercial
2024-12-02,West,Polycrystalline,9,33019,297171,Residential
2024-12-03,North,Monocrystalline,14,35384,495376,Residential
2024-12-04,West,Thin-Film,13,37967,493571,Residential
2024-12-05,North,Monocrystalline,25,26172,654300,Commercial
2024-12-06,North,Thin-Film,2,31390,62780,Commercial
2024-12-07,West,Polycrystalline,35,18267,639345,Commercial
2024-12-08,West,Thin-Film,7,41167,288169,Commercial
2024-12-09,West,Polycrystalline,21,36312,762552,Commercial
2024-12-10,West,Monocrystalline,18,42840,771120,Residential
2024-12-11,East,Monocrystalline,3,33990,101970,Residential
2024-12-12,South,Monocrystalline,42,20906,878052,Commercial
2024-12-13,North,Thin-Film,39,32297,1259583,Commercial
2024-12-14,West,Polycrystalline,41,17011,697451,Residential
2024-12-15,West,Monocrystalline,49,26738,1310162,Residential
2024-12-16,West,Monocrystalline,11,43797,481767,Residential
2024-12-17,East,Polycrystalline,39,26120,1018680,Residential
2024-12-18,West,Monocrystalline,24,23767,570408,Commercial
2024-12-19,West,Polycrystalline,46,37852,1741192,Residential
2024-12-20,West,Polycrystalline,19,28703,545357,Commercial
2024-12-21,South,Polycrystalline,4,15929,63716,Residential
2024-12-22,East,Polycrystalline,26,26951,700726,Residential
2024-12-23,West,Polycrystalline,38,41039,1559482,Residential
2024-12-24,North,Thin-Film,42,44504,1869168,Commercial
2024-12-25,North,Monocrystalline,32,32438,1038016,Commercial
2024-12-26,North,Thin-Film,39,20744,809016,Residential
2024-12-27,East,Monocrystalline,45,33284,1497780,Commercial
2024-12-28,East,Thin-Film,46,22069,1015174,Commercial
2024-12-29,North,Polycrystalline,36,34799,1252764,Residential
2024-12-30,West,Monocrystalline,40,48210,1928400,Residential
2024-12-31,East,Monocrystalline,37,43226,1599362,Commercial
2025-01-01,North,Thin-Film,33,19652,648516,Commercial
2025-01-02,North,Thin-Film,36,39323,1415628,Commercial
2025-01-03,West,Monocrystalline,3,22597,67791,Residential
2025-01-04,South,Thin-Film,9,21591,194319,Residential
2025-01-05,East,Thin-Film,8,40833,326664,Commercial
2025-01-06,West,Thin-Film,33,26826,885258,Residential
2025-01-07,North,Polycrystalline,6,41417,248502,Residential
2025-01-08,North,Polycrystalline,41,33693,1381413,Commercial
2025-01-09,West,Thin-Film,39,29138,1136382,Commercial
2025-01-10,East,Thin-Film,4,17169,68676,Residential
2025-01-11,South,Polycrystalline,13,33556,436228,Residential
2025-01-12,South,Polycrystalline,49,37052,1815548,Commercial
2025-01-13,North,Monocrystalline,2,21313,42626,Residential
2025-01-14,East,Monocrystalline,5,23315,116575,Residential
2025-01-15,South,Polycrystalline,44,23036,1013584,Commercial
2025-01-16,East,Thin-Film,27,46778,1263006,Commercial
2025-01-17,East,Thin-Film,32,42734,1367488,Residential
2025-01-18,North,Thin-Film,21,38173,801633,Residential
2025-01-19,South,Thin-Film,8,45403,363224,Residential
2025-01-20,West,Monocrystalline,38,15785,599830,Commercial
2025-01-21,North,Polycrystalline,8,21139,169112,Residential
2025-01-22,South,Thin-Film,3,21344,64032,Residential
2025-01-23,South,Monocrystalline,44,33800,1487200,Commercial
2025-01-24,South,Thin-Film,3,40372,121116,Commercial
2025-01-25,South,Polycrystalline,22,35538,781836,Residential
2025-01-26,South,Monocrystalline,6,29973,179838,Commercial
2025-01-27,East,Polycrystalline,2,20619,41238,Commercial
2025-01-28,North,Polycrystalline,23,49704,1143192,Residential
2025-01-29,East,Monocrystalline,44,42716,1879504,Commercial
2025-01-30,West,Monocrystalline,2,18236,36472,Commercial
2025-01-31,South,Monocrystalline,38,30848,1172224,Residential
2025-02-01,North,Monocrystalline,17,17352,294984,Commercial
2025-02-02,South,Monocrystalline,35,16932,592620,Residential
2025-02-03,North,Monocrystalline,34,25913,881042,Residential
2025-02-04,East,Monocrystalline,23,23556,541788,Commercial
2025-02-05,North,Thin-Film,30,36300,1089000,Commercial
2025-02-06,West,Polycrystalline,8,20498,163984,Commercial
2025-02-07,West,Monocrystalline,22,25582,562804,Residential
2025-02-08,North,Thin-Film,44,24569,1081036,Commercial
2025-02-09,North,Thin-Film,36,19857,714852,Residential
2025-02-10,North,Thin-Film,5,15340,76700,Commercial
2025-02-11,North,Polycrystalline,13,31766,412958,Commercial
2025-02-12,West,Monocrystalline,29,41132,1192828,Commercial
2025-02-13,South,Thin-Film,31,23491,728221,Residential
2025-02-14,North,Polycrystalline,47,15138,711486,Commercial
2025-02-15,North,Polycrystalline,16,15358,245728,Commercial
2025-02-16,West,Polycrystalline,42,24714,1037988,Residential
2025-02-17,West,Thin-Film,30,34840,1045200,Residential
2025-02-18,East,Monocrystalline,16,49395,790320,Commercial
2025-02-19,North,Thin-Film,12,45654,547848,Commercial
2025-02-20,East,Thin-Film,17,40879,694943,Commercial
2025-02-21,West,Monocrystalline,16,30996,495936,Residential
2025-02-22,West,Monocrystalline,12,41762,501144,Residential
2025-02-23,South,Monocrystalline,8,28283,226264,Residential
2025-02-24,North,Polycrystalline,20,34554,691080,Residential
2025-02-25,East,Monocrystalline,3,35219,105657,Commercial
2025-02-26,West,Thin-Film,16,49919,798704,Residential
2025-02-27,West,Monocrystalline,30,24429,732870,Residential
2025-02-28,East,Thin-Film,45,34218,1539810,Residential
2025-03-01,South,Polycrystalline,23,27452,631396,Commercial
2025-03-02,West,Thin-Film,28,33951,950628,Commercial
2025-03-03,North,Thin-Film,40,16307,652280,Residential
2025-03-04,West,Monocrystalline,5,29852,149260,Residential
2025-03-05,North,Monocrystalline,20,40232,804640,Commercial
2025-03-06,East,Thin-Film,40,41485,1659400,Commercial
2025-03-07,North,Monocrystalline,44,25238,1110472,Commercial
2025-03-08,East,Polycrystalline,1,16140,16140,Commercial
2025-03-09,North,Polycrystalline,30,39842,1195260,Commercial
2025-03-10,East,Monocrystalline,21,41421,869841,Commercial
2025-03-11,North,Polycrystalline,20,16708,334160,Commercial
2025-03-12,South,Monocrystalline,6,18630,111780,Commercial
2025-03-13,North,Thin-Film,22,34595,761090,Residential
2025-03-14,North,Thin-Film,18,25485,458730,Residential
2025-03-15,South,Polycrystalline,8,43308,346464,Residential
2025-03-16,West,Monocrystalline,39,41086,1602354,Residential
2025-03-17,West,Monocrystalline,32,31859,1019488,Residential
2025-03-18,North,Polycrystalline,33,22684,748572,Residential
2025-03-19,South,Thin-Film,16,40552,648832,Commercial
2025-03-20,North,Polycrystalline,12,16207,194484,Commercial
2025-03-21,East,Thin-Film,38,16960,644480,Residential
2025-03-22,East,Monocrystalline,34,15557,528938,Residential
2025-03-23,North,Thin-Film,14,44689,625646,Commercial
2025-03-24,West,Polycrystalline,36,28893,1040148,Commercial
2025-03-25,West,Monocrystalline,33,47272,1559976,Commercial
2025-03-26,North,Polycrystalline,23,15882,365286,Residential
2025-03-27,North,Polycrystalline,45,44535,2004075,Commercial
2025-03-28,East,Thin-Film,2,27869,55738,Residential
2025-03-29,West,Polycrystalline,41,22166,908806,Residential
2025-03-30,North,Thin-Film,21,27982,587622,Commercial
2025-03-31,East,Monocrystalline,2,22269,44538,Commercial
2025-04-01,West,Thin-Film,27,43064,1162728,Residential
2025-04-02,South,Monocrystalline,9,28527,256743,Commercial
2025-04-03,East,Thin-Film,1,17454,17454,Commercial
2025-04-04,West,Polycrystalline,11,35878,394658,Residential
2025-04-05,West,Thin-Film,3,27991,83973,Commercial
2025-04-06,East,Thin-Film,23,17808,409584,Residential
2025-04-07,South,Monocrystalline,26,45386,1180036,Residential
2025-04-08,East,Polycrystalline,4,18802,75208,Commercial
2025-04-09,West,Thin-Film,18,43753,787554,Residential
2025-04-10,North,Polycrystalline,6,36083,216498,Residential
2025-04-11,North,Thin-Film,35,33354,1167390,Commercial
2025-04-12,East,Thin-Film,22,37190,818180,Commercial
2025-04-13,West,Polycrystalline,43,21142,909106,Commercial
2025-04-14,North,Thin-Film,15,43398,650970,Residential
2025-04-15,West,Polycrystalline,22,48132,1058904,Residential
2025-04-16,East,Thin-Film,37,34503,1276611,Commercial
2025-04-17,North,Monocrystalline,42,49631,2084502,Residential
2025-04-18,West,Polycrystalline,12,31499,377988,Commercial
2025-04-19,North,Thin-Film,47,23016,1081752,Commercial
2025-04-20,East,Thin-Film,49,17384,851816,Residential
2025-04-21,West,Monocrystalline,42,30072,1263024,Commercial
2025-04-22,North,Polycrystalline,38,29482,1120316,Residential
2025-04-23,East,Thin-Film,18,36826,662868,Residential
2025-04-24,North,Monocrystalline,45,17490,787050,Commercial
2025-04-25,North,Thin-Film,35,40518,1418130,Residential
2025-04-26,South,Polycrystalline,30,39045,1171350,Commercial
2025-04-27,South,Thin-Film,24,41910,1005840,Residential
2025-04-28,East,Thin-Film,42,39566,1661772,Residential
2025-04-29,South,Thin-Film,30,48905,1467150,Residential
2025-04-30,East,Thin-Film,14,42103,589442,Commercial
2025-05-01,South,Monocrystalline,6,20845,125070,Residential
2025-05-02,North,Monocrystalline,3,36162,108486,Commercial
2025-05-03,East,Polycrystalline,16,34337,549392,Residential
2025-05-04,East,Monocrystalline,7,37313,261191,Residential
2025-05-05,North,Monocrystalline,14,41943,587202,Commercial
2025-05-06,East,Polycrystalline,9,27413,246717,Commercial
2025-05-07,East,Monocrystalline,15,15276,229140,Commercial
2025-05-08,South,Monocrystalline,21,32611,684831,Commercial
2025-05-09,East,Polycrystalline,35,26944,943040,Commercial
2025-05-10,West,Polycrystalline,2,30906,61812,Residential
2025-05-11,North,Polycrystalline,27,35536,959472,Residential
2025-05-12,South,Thin-Film,2,42810,85620,Commercial
2025-05-13,South,Thin-Film,35,27306,955710,Residential
2025-05-14,West,Polycrystalline,18,25503,459054,Residential
2025-05-15,North,Polycrystalline,14,34225,479150,Residential
2025-05-16,North,Polycrystalline,20,26590,531800,Commercial
2025-05-17,South,Thin-Film,18,25886,465948,Residential
2025-05-18,East,Thin-Film,10,27866,278660,Residential
2025-05-19,South,Monocrystalline,25,16088,402200,Residential
2025-05-20,North,Monocrystalline,2,18363,36726,Commercial
2025-05-21,West,Polycrystalline,25,47792,1194800,Residential
2025-05-22,South,Thin-Film,33,24764,817212,Residential
2025-05-23,North,Thin-Film,36,35620,1282320,Commercial
2025-05-24,South,Thin-Film,31,27935,865985,Commercial
2025-05-25,East,Polycrystalline,14,23068,322952,Residential
2025-05-26,South,Monocrystalline,1,22295,22295,Residential
2025-05-27,South,Polycrystalline,46,26390,1213940,Commercial
2025-05-28,North,Monocrystalline,16,35131,562096,Commercial
2025-05-29,North,Monocrystalline,46,44218,2034028,Commercial
2025-05-30,North,Polycrystalline,3,25433,76299,Commercial
2025-05-31,South,Monocrystalline,35,30038,1051330,Commercial
2025-06-01,East,Monocrystalline,41,43182,1770462,Commercial
2025-06-02,West,Thin-Film,6,26528,159168,Commercial
2025-06-03,West,Monocrystalline,25,36281,907025,Residential
2025-06-04,North,Polycrystalline,13,23605,306865,Commercial
2025-06-05,North,Polycrystalline,34,49782,1692588,Commercial
2025-06-06,South,Monocrystalline,8,16381,131048,Residential
2025-06-07,West,Thin-Film,21,16098,338058,Commercial
2025-06-08,North,Thin-Film,34,34810,1183540,Commercial
2025-06-09,East,Monocrystalline,4,39322,157288,Residential
2025-06-10,East,Monocrystalline,25,47955,1198875,Commercial
2025-06-11,North,Polycrystalline,15,25207,378105,Residential
2025-06-12,North,Monocrystalline,4,36793,147172,Residential
2025-06-13,West,Thin-Film,45,17092,769140,Residential
2025-06-14,West,Monocrystalline,12,43220,518640,Residential
2025-06-15,South,Polycrystalline,32,33514,1072448,Commercial
2025-06-16,West,Polycrystalline,32,23549,753568,Residential
2025-06-17,East,Polycrystalline,28,37031,1036868,Residential
2025-06-18,East,Polycrystalline,13,20185,262405,Commercial
2025-06-19,North,Polycrystalline,31,30271,938401,Residential
2025-06-20,West,Monocrystalline,14,20776,290864,Residential
2025-06-21,South,Monocrystalline,20,27449,548980,Residential
2025-06-22,East,Monocrystalline,18,39297,707346,Residential
2025-06-23,East,Monocrystalline,29,30717,890793,Commercial
2025-06-24,South,Polycrystalline,6,25350,152100,Residential
2025-06-25,South,Thin-Film,32,45622,1459904,Commercial
2025-06-26,East,Monocrystalline,29,17951,520579,Commercial
2025-06-27,East,Thin-Film,43,32622,1402746,Residential
2025-06-28,South,Monocrystalline,2,19727,39454,Residential
2025-06-29,East,Monocrystalline,23,38782,891986,Residential
2025-06-30,North,Thin-Film,19,43454,825626,Residential
2025-07-01,North,Polycrystalline,31,17368,538408,Commercial
2025-07-02,South,Monocrystalline,5,30592,152960,Commercial
2025-07-03,West,Monocrystalline,19,37173,706287,Commercial
2025-07-04,South,Monocrystalline,34,48204,1638936,Residential
2025-07-05,South,Thin-Film,10,49324,493240,Commercial
2025-07-06,West,Polycrystalline,25,38864,971600,Residential
2025-07-07,West,Thin-Film,2,45750,91500,Residential
2025-07-08,West,Thin-Film,11,25576,281336,Residential
2025-07-09,North,Polycrystalline,31,31566,978546,Residential
2025-07-10,East,Thin-Film,15,22190,332850,Residential
2025-07-11,North,Polycrystalline,9,38071,342639,Commercial
2025-07-12,East,Monocrystalline,23,30369,698487,Commercial
2025-07-13,North,Polycrystalline,19,39035,741665,Residential
2025-07-14,East,Monocrystalline,9,16589,149301,Commercial
2025-07-15,North,Thin-Film,35,40235,1408225,Residential
2025-07-16,West,Thin-Film,21,15159,318339,Residential
2025-07-17,South,Monocrystalline,9,27145,244305,Residential
2025-07-18,North,Thin-Film,28,30373,850444,Commercial
2025-07-19,East,Polycrystalline,46,46921,2158366,Residential
2025-07-20,West,Monocrystalline,7,31237,218659,Residential
2025-07-21,North,Thin-Film,16,23244,371904,Commercial
2025-07-22,North,Monocrystalline,16,29743,475888,Commercial
2025-07-23,West,Polycrystalline,33,46566,1536678,Commercial
2025-07-24,North,Polycrystalline,4,33691,134764,Residential
2025-07-25,South,Thin-Film,4,48996,195984,Residential
2025-07-26,North,Polycrystalline,39,20590,803010,Commercial
2025-07-27,South,Monocrystalline,40,20585,823400,Residential
2025-07-28,South,Polycrystalline,17,24227,411859,Commercial
2025-07-29,West,Monocrystalline,37,43278,1601286,Commercial
2025-07-30,North,Monocrystalline,39,27237,1062243,Residential
2025-07-31,West,Polycrystalline,29,30649,888821,Residential
2025-08-01,North,Thin-Film,36,22927,825372,Commercial
2025-08-02,North,Polycrystalline,38,22016,836608,Commercial
2025-08-03,East,Monocrystalline,39,29027,1132053,Commercial
2025-08-04,North,Monocrystalline,37,39142,1448254,Commercial
2025-08-05,West,Polycrystalline,35,38545,1349075,Residential
2025-08-06,South,Thin-Film,7,46897,328279,Commercial
2025-08-07,North,Thin-Film,27,18167,490509,Commercial
2025-08-08,East,Monocrystalline,28,41917,1173676,Commercial
2025-08-09,West,Monocrystalline,22,37736,830192,Residential
2025-08-10,North,Thin-Film,14,42990,601860,Residential
2025-08-11,West,Polycrystalline,7,29087,203609,Commercial
2025-08-12,East,Monocrystalline,37,37440,1385280,Residential
2025-08-13,East,Monocrystalline,22,30275,666050,Residential
2025-08-14,West,Thin-Film,5,20276,101380,Residential
2025-08-15,North,Polycrystalline,2,34008,68016,Commercial
2025-08-16,South,Thin-Film,27,20738,559926,Commercial
2025-08-17,East,Polycrystalline,21,47402,995442,Residential
2025-08-18,North,Polycrystalline,38,20793,790134,Commercial
2025-08-19,North,Polycrystalline,15,20571,308565,Commercial
2025-08-20,South,Monocrystalline,21,46331,972951,Residential
2025-08-21,East,Thin-Film,10,31209,312090,Residential
2025-08-22,East,Thin-Film,23,40394,929062,Commercial
2025-08-23,North,Polycrystalline,39,40682,1586598,Residential
2025-08-24,North,Monocrystalline,5,17224,86120,Commercial
2025-08-25,South,Monocrystalline,1,47441,47441,Commercial
2025-08-26,South,Thin-Film,13,49716,646308,Residential
2025-08-27,East,Monocrystalline,21,41586,873306,Commercial
2025-08-28,West,Monocrystalline,26,38478,1000428,Commercial
2025-08-29,East,Polycrystalline,45,21318,959310,Residential
2025-08-30,North,Monocrystalline,21,43694,917574,Residential
2025-08-31,East,Polycrystalline,18,35180,633240,Residential
2025-09-01,West,Thin-Film,37,27180,1005660,Commercial
2025-09-02,South,Monocrystalline,45,48002,2160090,Residential
2025-09-03,West,Thin-Film,32,30372,971904,Residential
2025-09-04,West,Thin-Film,36,44796,1612656,Residential
2025-09-05,West,Monocrystalline,17,39427,670259,Residential
2025-09-06,South,Monocrystalline,35,48290,1690150,Commercial
2025-09-07,West,Thin-Film,49,43099,2111851,Commercial
2025-09-08,West,Monocrystalline,11,24821,273031,Residential
2025-09-09,West,Polycrystalline,21,20832,437472,Commercial
2025-09-10,North,Polycrystalline,26,27820,723320,Residential
2025-09-11,West,Monocrystalline,4,31211,124844,Residential
2025-09-12,South,Thin-Film,34,20842,708628,Commercial
2025-09-13,West,Monocrystalline,48,16316,783168,Commercial
2025-09-14,West,Monocrystalline,18,32508,585144,Residential
2025-09-15,South,Thin-Film,40,37005,1480200,Residential
2025-09-16,West,Thin-Film,35,30206,1057210,Commercial
2025-09-17,South,Polycrystalline,41,33971,1392811,Residential
2025-09-18,West,Thin-Film,29,40599,1177371,Commercial
2025-09-19,South,Polycrystalline,29,37056,1074624,Residential
2025-09-20,West,Thin-Film,38,16378,622364,Residential
2025-09-21,West,Monocrystalline,42,16519,693798,Commercial
2025-09-22,North,Polycrystalline,21,37161,780381,Commercial
2025-09-23,North,Polycrystalline,42,20355,854910,Commercial
2025-09-24,West,Polycrystalline,13,24083,313079,Commercial
2025-09-25,West,Monocrystalline,49,35456,1737344,Commercial
2025-09-26,East,Monocrystalline,41,28324,1161284,Commercial
